{
  "tipo": "Regressao Linear com ranking FIFA - numpy least squares",
  "features": [
    "aprov_hist_home",
    "diff_aprov_hist",
    "media_gols_pro_hist_home",
    "media_gols_contra_hist_away",
    "diff_media_gols_pro_hist",
    "diff_media_gols_contra_hist",
    "diff_saldo_medio_hist",
    "partidas_hist_home",
    "diff_partidas_hist",
    "ranking_home",
    "diff_ranking",
    "ranking_points_home",
    "diff_ranking_points",
    "ranking_available_home",
    "ranking_available_away",
    "fase_ordinal",
    "fase_knockout"
  ],
  "target": "home_score",
  "media_features": [
    0.5054883146872453,
    0.05942775129072599,
    1.6502169551540118,
    1.5666444847487464,
    0.22913631254380357,
    -0.12496230402071457,
    0.35409861656451813,
    28.738589211618258,
    7.418049792531121,
    71.13070539419087,
    1.411825726141079,
    928.079387966805,
    8.949626556016598,
    0.35684647302904565,
    0.35477178423236516,
    1.8547717842323652,
    0.2551867219917012
  ],
  "desvio_features": [
    0.19629788289978026,
    0.25956937733045227,
    0.7990968497285648,
    0.8509399828474433,
    1.0024313334423227,
    1.0300088678352535,
    1.4387392035970348,
    25.83140607706808,
    29.80055636531251,
    40.142272023851106,
    41.58725149259347,
    354.8087756890368,
    307.39627602049984,
    0.47906895924884985,
    0.478444108904007,
    1.5174189328023777,
    0.43596612128791773
  ],
  "intercepto": 1.766597510373446,
  "coeficientes": {
    "aprov_hist_home": 0.1015146947117164,
    "diff_aprov_hist": 0.126445713888578,
    "media_gols_pro_hist_home": 0.11400212957690559,
    "media_gols_contra_hist_away": 0.09110614968683134,
    "diff_media_gols_pro_hist": 0.0726960661047314,
    "diff_media_gols_contra_hist": 0.007356941314546616,
    "diff_saldo_medio_hist": 0.04538355493754876,
    "partidas_hist_home": -0.4611901252461811,
    "diff_partidas_hist": 0.35065736652667867,
    "ranking_home": 0.12958265056916826,
    "diff_ranking": 0.30656441944437307,
    "ranking_points_home": 0.05009973336473461,
    "diff_ranking_points": -0.015549016910819355,
    "ranking_available_home": -0.19436862161612523,
    "ranking_available_away": 0.18952246223168448,
    "fase_ordinal": 0.14913506097656007,
    "fase_knockout": 0.05172273063077884
  }
}