{
  "features": [
    "aprov_hist_home",
    "diff_aprov_hist",
    "media_gols_pro_hist_home",
    "media_gols_contra_hist_away",
    "diff_media_gols_pro_hist",
    "diff_media_gols_contra_hist",
    "diff_saldo_medio_hist",
    "partidas_hist_home",
    "diff_partidas_hist",
    "ranking_home",
    "diff_ranking",
    "ranking_points_home",
    "diff_ranking_points",
    "ranking_available_home",
    "ranking_available_away",
    "fase_ordinal",
    "fase_knockout"
  ],
  "regressao_linear": {
    "target": "home_score",
    "objetivo": "prever gols do mandante",
    "intercepto": 1.766597510373446,
    "coeficientes": {
      "aprov_hist_home": 0.1015146947117164,
      "diff_aprov_hist": 0.126445713888578,
      "media_gols_pro_hist_home": 0.11400212957690559,
      "media_gols_contra_hist_away": 0.09110614968683134,
      "diff_media_gols_pro_hist": 0.0726960661047314,
      "diff_media_gols_contra_hist": 0.007356941314546616,
      "diff_saldo_medio_hist": 0.04538355493754876,
      "partidas_hist_home": -0.4611901252461811,
      "diff_partidas_hist": 0.35065736652667867,
      "ranking_home": 0.12958265056916826,
      "diff_ranking": 0.30656441944437307,
      "ranking_points_home": 0.05009973336473461,
      "diff_ranking_points": -0.015549016910819355,
      "ranking_available_home": -0.19436862161612523,
      "ranking_available_away": 0.18952246223168448,
      "fase_ordinal": 0.14913506097656007,
      "fase_knockout": 0.05172273063077884
    },
    "r2_cv_media": 0.08574595242724632,
    "r2_cv_desvio": 0.051063992994221055,
    "rmse_cv_media": 1.5130952672121682,
    "mae_cv_media": 1.158810943500232,
    "r2_teste": 0.05809835748855008,
    "rmse_teste": 1.601174799337011,
    "mae_teste": 1.2033207065591927,
    "gap_overfitting": 0.07100882438168345
  },
  "regressao_logistica": {
    "target": "home_win",
    "objetivo": "prever se o mandante vence ou nao vence",
    "classe_positiva": "home_win = 1 quando resultado_num == 1",
    "threshold": 0.5,
    "accuracy_cv_media": 0.6970962867012089,
    "accuracy_cv_desvio": 0.011301792851668628,
    "precision_cv_media": 0.7027042004364839,
    "recall_cv_media": 0.805948188837115,
    "f1_cv_media": 0.7501640204569074,
    "roc_auc_cv_media": 0.7327162340873057,
    "brier_cv_media": 0.20657677080232933,
    "accuracy_teste": 0.6839378238341969,
    "precision_teste": 0.6538461538461539,
    "recall_teste": 0.8415841584158416,
    "f1_teste": 0.735930735930736,
    "roc_auc_teste": 0.7634524321997417,
    "brier_teste": 0.20186253704977428,
    "matriz_confusao_teste": {
      "tp": 85,
      "tn": 47,
      "fp": 45,
      "fn": 16
    },
    "intercepto": 0.2929727111531017,
    "coeficientes": {
      "aprov_hist_home": 0.14721791684149593,
      "diff_aprov_hist": -0.11994390605712155,
      "media_gols_pro_hist_home": 0.2773099703368361,
      "media_gols_contra_hist_away": -0.014790004665913629,
      "diff_media_gols_pro_hist": 0.021244187254845795,
      "diff_media_gols_contra_hist": -0.13914592895620165,
      "diff_saldo_medio_hist": 0.1144178036535531,
      "partidas_hist_home": -0.6262162831478901,
      "diff_partidas_hist": 0.8637281998546449,
      "ranking_home": -0.10785118330559874,
      "diff_ranking": 0.31724448988749643,
      "ranking_points_home": 0.0585161167808143,
      "diff_ranking_points": -0.03377897963436171,
      "ranking_available_home": -0.536147333726979,
      "ranking_available_away": 0.23956057584254642,
      "fase_ordinal": 0.0016566903622441756,
      "fase_knockout": 0.44111042777708365
    }
  },
  "target": "home_score",
  "r2_cv_media": 0.08574595242724632,
  "rmse_cv_media": 1.5130952672121682,
  "mae_cv_media": 1.158810943500232,
  "r2_teste": 0.05809835748855008,
  "rmse_teste": 1.601174799337011,
  "mae_teste": 1.2033207065591927,
  "accuracy_teste": 0.6839378238341969,
  "f1_teste": 0.735930735930736,
  "roc_auc_teste": 0.7634524321997417,
  "n_amostras_total": 964,
  "n_amostras_treino": 771,
  "n_amostras_teste": 193,
  "observacao": "A regressao linear estima gols do mandante; a regressao logistica estima home_win, isto e, vitoria do mandante contra nao-vitoria. decidido_penaltis foi removida por ser variavel pos-jogo.",
  "ranking_fifa": {
    "fonte_2026": "https://api.fifa.com/api/v3/rankings/?gender=1&count=300",
    "arquivo_2026": "ranking/fifa_ranking-2026-04-01.csv",
    "observacao": "Para jogos anteriores a 1992, ranking_available=0 e valores neutros sao usados."
  }
}